archivo,hoja,filas_fecha,datos_numericos_col_b,nulos_o_no_numericos_col_b,max_col_b,prom_col_b,conteo_col_b_ge_130,conteo_col_b_ge_50,codigos_col_b
antecedentes/Informes y reportes de cumplimiento ambiental asociados a calidad del aire y emisiones/Informes Trimestrales/2026/1T/Anexos/A 5.1 E MP-10 CALDERA Enero 2026.xlsx,MP-10 Valida,744,10,734,47.0,20.9,0,0,
antecedentes/Informes y reportes de cumplimiento ambiental asociados a calidad del aire y emisiones/Informes Trimestrales/2026/1T/Anexos/A 5.1 E MP-10 CALDERA Enero 2026.xlsx,MP-10 Inválida,744,0,744,,,0,0,
antecedentes/Informes y reportes de cumplimiento ambiental asociados a calidad del aire y emisiones/Informes Trimestrales/2026/1T/Anexos/A 5.1 EM MINA Enero 2026.xlsx,Vel Data Valida,744,558,186,7.947,2.488,0,0,
antecedentes/Informes y reportes de cumplimiento ambiental asociados a calidad del aire y emisiones/Informes Trimestrales/2026/1T/Anexos/A 5.1 EM MINA Enero 2026.xlsx,Vel Inválida,744,0,744,,,0,0,3.b:186
antecedentes/Informes y reportes de cumplimiento ambiental asociados a calidad del aire y emisiones/Informes Trimestrales/2026/1T/Anexos/A 5.1 EM MINA Enero 2026.xlsx,Dir Data Valida,744,558,186,356.4,111.356,129,396,
antecedentes/Informes y reportes de cumplimiento ambiental asociados a calidad del aire y emisiones/Informes Trimestrales/2026/1T/Anexos/A 5.1 EM MINA Enero 2026.xlsx,Dir Inválida,744,0,744,,,0,0,3.b:186
antecedentes/Informes y reportes de cumplimiento ambiental asociados a calidad del aire y emisiones/Informes Trimestrales/2026/1T/Anexos/A 5.1 EM MINA Enero 2026.xlsx,Sig Data Valida,744,558,186,96.0,35.126,0,88,
antecedentes/Informes y reportes de cumplimiento ambiental asociados a calidad del aire y emisiones/Informes Trimestrales/2026/1T/Anexos/A 5.1 EM MINA Enero 2026.xlsx,Sig Inválida,744,0,744,,,0,0,3.b:186
antecedentes/Informes y reportes de cumplimiento ambiental asociados a calidad del aire y emisiones/Informes Trimestrales/2026/1T/Anexos/A 5.1 EM PUERTO Enero 2026.xlsx,Vel Data Valida,744,735,9,9.11,3.842,0,0,
antecedentes/Informes y reportes de cumplimiento ambiental asociados a calidad del aire y emisiones/Informes Trimestrales/2026/1T/Anexos/A 5.1 EM PUERTO Enero 2026.xlsx,Vel Inválida,744,0,744,,,0,0,2.h:9
antecedentes/Informes y reportes de cumplimiento ambiental asociados a calidad del aire y emisiones/Informes Trimestrales/2026/1T/Anexos/A 5.1 EM PUERTO Enero 2026.xlsx,Dir Data Valida,744,744,0,339.89,232.76,677,730,
antecedentes/Informes y reportes de cumplimiento ambiental asociados a calidad del aire y emisiones/Informes Trimestrales/2026/1T/Anexos/A 5.1 EM PUERTO Enero 2026.xlsx,Dir Inválida,744,0,744,,,0,0,
antecedentes/Informes y reportes de cumplimiento ambiental asociados a calidad del aire y emisiones/Informes Trimestrales/2026/1T/Anexos/A 5.1 EM PUERTO Enero 2026.xlsx,Sig Data Valida,744,744,0,16.46,5.989,0,0,
antecedentes/Informes y reportes de cumplimiento ambiental asociados a calidad del aire y emisiones/Informes Trimestrales/2026/1T/Anexos/A 5.1 EM PUERTO Enero 2026.xlsx,Sig Inválida,744,0,744,,,0,0,
antecedentes/Informes y reportes de cumplimiento ambiental asociados a calidad del aire y emisiones/Informes Trimestrales/2026/1T/Anexos/A 5.2 E MP-10 CALDERA Febrero 2026.xlsx,MP-10 Valida,744,8,736,34.0,22.375,0,0,
antecedentes/Informes y reportes de cumplimiento ambiental asociados a calidad del aire y emisiones/Informes Trimestrales/2026/1T/Anexos/A 5.2 E MP-10 CALDERA Febrero 2026.xlsx,MP-10 Inválida,744,0,744,,,0,0,*:1; 3.b:1
antecedentes/Informes y reportes de cumplimiento ambiental asociados a calidad del aire y emisiones/Informes Trimestrales/2026/1T/Anexos/A 5.2 EM MINA Febrero 2026.xlsx,Vel Data Valida,744,567,177,9.11,2.429,0,0,
antecedentes/Informes y reportes de cumplimiento ambiental asociados a calidad del aire y emisiones/Informes Trimestrales/2026/1T/Anexos/A 5.2 EM MINA Febrero 2026.xlsx,Vel Inválida,744,0,744,,,0,0,2.f:3; 3.b:102
antecedentes/Informes y reportes de cumplimiento ambiental asociados a calidad del aire y emisiones/Informes Trimestrales/2026/1T/Anexos/A 5.2 EM MINA Febrero 2026.xlsx,Dir Data Valida,744,567,177,313.19,130.503,193,520,
antecedentes/Informes y reportes de cumplimiento ambiental asociados a calidad del aire y emisiones/Informes Trimestrales/2026/1T/Anexos/A 5.2 EM MINA Febrero 2026.xlsx,Dir Inválida,744,0,744,,,0,0,2.f:3; 3.b:102
antecedentes/Informes y reportes de cumplimiento ambiental asociados a calidad del aire y emisiones/Informes Trimestrales/2026/1T/Anexos/A 5.2 EM MINA Febrero 2026.xlsx,Sig Data Valida,744,567,177,45.12,15.606,0,0,
antecedentes/Informes y reportes de cumplimiento ambiental asociados a calidad del aire y emisiones/Informes Trimestrales/2026/1T/Anexos/A 5.2 EM MINA Febrero 2026.xlsx,Sig Inválida,744,0,744,,,0,0,2.f:3; 3.b:102
antecedentes/Informes y reportes de cumplimiento ambiental asociados a calidad del aire y emisiones/Informes Trimestrales/2026/1T/Anexos/A 5.2 EM PUERTO Febrero 2026.xlsx,Vel Data Valida,744,672,72,9.23,3.768,0,0,
antecedentes/Informes y reportes de cumplimiento ambiental asociados a calidad del aire y emisiones/Informes Trimestrales/2026/1T/Anexos/A 5.2 EM PUERTO Febrero 2026.xlsx,Vel Inválida,744,0,744,,,0,0,
antecedentes/Informes y reportes de cumplimiento ambiental asociados a calidad del aire y emisiones/Informes Trimestrales/2026/1T/Anexos/A 5.2 EM PUERTO Febrero 2026.xlsx,Dir Data Valida,744,672,72,357.7,222.54,557,587,
antecedentes/Informes y reportes de cumplimiento ambiental asociados a calidad del aire y emisiones/Informes Trimestrales/2026/1T/Anexos/A 5.2 EM PUERTO Febrero 2026.xlsx,Dir Inválida,744,0,744,,,0,0,
antecedentes/Informes y reportes de cumplimiento ambiental asociados a calidad del aire y emisiones/Informes Trimestrales/2026/1T/Anexos/A 5.2 EM PUERTO Febrero 2026.xlsx,Sig Data Valida,744,672,72,85.4,12.562,0,10,
antecedentes/Informes y reportes de cumplimiento ambiental asociados a calidad del aire y emisiones/Informes Trimestrales/2026/1T/Anexos/A 5.2 EM PUERTO Febrero 2026.xlsx,Sig Inválida,744,0,744,,,0,0,
antecedentes/Informes y reportes de cumplimiento ambiental asociados a calidad del aire y emisiones/Informes Trimestrales/2026/1T/Anexos/A 5.3 E MP-10 CALDERA Marzo 2026.xlsx,MP-10 Valida,744,10,734,36.0,24.5,0,0,
antecedentes/Informes y reportes de cumplimiento ambiental asociados a calidad del aire y emisiones/Informes Trimestrales/2026/1T/Anexos/A 5.3 E MP-10 CALDERA Marzo 2026.xlsx,MP-10 Inválida,744,0,744,,,0,0,
antecedentes/Informes y reportes de cumplimiento ambiental asociados a calidad del aire y emisiones/Informes Trimestrales/2026/1T/Anexos/A 5.3 EM MINA Marzo 2026.xlsx,Vel Data Valida,744,734,10,7.55,1.982,0,0,
antecedentes/Informes y reportes de cumplimiento ambiental asociados a calidad del aire y emisiones/Informes Trimestrales/2026/1T/Anexos/A 5.3 EM MINA Marzo 2026.xlsx,Vel Inválida,744,0,744,,,0,0,3.b:10
antecedentes/Informes y reportes de cumplimiento ambiental asociados a calidad del aire y emisiones/Informes Trimestrales/2026/1T/Anexos/A 5.3 EM MINA Marzo 2026.xlsx,Dir Data Valida,744,732,12,312.5,108.956,180,644,
antecedentes/Informes y reportes de cumplimiento ambiental asociados a calidad del aire y emisiones/Informes Trimestrales/2026/1T/Anexos/A 5.3 EM MINA Marzo 2026.xlsx,Dir Inválida,744,0,744,,,0,0,2.h:2; 3.b:10
antecedentes/Informes y reportes de cumplimiento ambiental asociados a calidad del aire y emisiones/Informes Trimestrales/2026/1T/Anexos/A 5.3 EM MINA Marzo 2026.xlsx,Sig Data Valida,744,732,12,45.22,15.023,0,0,
antecedentes/Informes y reportes de cumplimiento ambiental asociados a calidad del aire y emisiones/Informes Trimestrales/2026/1T/Anexos/A 5.3 EM MINA Marzo 2026.xlsx,Sig Inválida,744,0,744,,,0,0,2.h:2; 3.b:10
antecedentes/Informes y reportes de cumplimiento ambiental asociados a calidad del aire y emisiones/Informes Trimestrales/2026/1T/Anexos/A 5.3 EM PUERTO Marzo 2026.xlsx,Vel Data Valida,744,744,0,9.59,3.217,0,0,
antecedentes/Informes y reportes de cumplimiento ambiental asociados a calidad del aire y emisiones/Informes Trimestrales/2026/1T/Anexos/A 5.3 EM PUERTO Marzo 2026.xlsx,Vel Inválida,744,0,744,,,0,0,
antecedentes/Informes y reportes de cumplimiento ambiental asociados a calidad del aire y emisiones/Informes Trimestrales/2026/1T/Anexos/A 5.3 EM PUERTO Marzo 2026.xlsx,Dir Data Valida,744,744,0,346.0,216.952,606,678,
antecedentes/Informes y reportes de cumplimiento ambiental asociados a calidad del aire y emisiones/Informes Trimestrales/2026/1T/Anexos/A 5.3 EM PUERTO Marzo 2026.xlsx,Dir Inválida,744,0,744,,,0,0,
antecedentes/Informes y reportes de cumplimiento ambiental asociados a calidad del aire y emisiones/Informes Trimestrales/2026/1T/Anexos/A 5.3 EM PUERTO Marzo 2026.xlsx,Sig Data Valida,744,744,0,27.09,8.337,0,0,
antecedentes/Informes y reportes de cumplimiento ambiental asociados a calidad del aire y emisiones/Informes Trimestrales/2026/1T/Anexos/A 5.3 EM PUERTO Marzo 2026.xlsx,Sig Inválida,744,0,744,,,0,0,
antecedentes/Informes y reportes de cumplimiento ambiental asociados a calidad del aire y emisiones/Informes Trimestrales/2026/2T/Anexos/A 5.4 E MP-10 CALDERA Abril 2026.xlsx,MP-10 Valida,744,8,736,77.0,27.875,0,1,
antecedentes/Informes y reportes de cumplimiento ambiental asociados a calidad del aire y emisiones/Informes Trimestrales/2026/2T/Anexos/A 5.4 E MP-10 CALDERA Abril 2026.xlsx,MP-10 Inválida,744,0,744,,,0,0,*:1; 3.b:1
antecedentes/Informes y reportes de cumplimiento ambiental asociados a calidad del aire y emisiones/Informes Trimestrales/2026/2T/Anexos/A 5.4 EM MINA Abril 2026.xlsx,Vel Data Valida,720,719,1,5.46,1.594,0,0,
antecedentes/Informes y reportes de cumplimiento ambiental asociados a calidad del aire y emisiones/Informes Trimestrales/2026/2T/Anexos/A 5.4 EM MINA Abril 2026.xlsx,Vel Inválida,720,0,720,,,0,0,3.b:1
antecedentes/Informes y reportes de cumplimiento ambiental asociados a calidad del aire y emisiones/Informes Trimestrales/2026/2T/Anexos/A 5.4 EM MINA Abril 2026.xlsx,Dir Data Valida,720,701,19,335.0,97.193,161,565,
antecedentes/Informes y reportes de cumplimiento ambiental asociados a calidad del aire y emisiones/Informes Trimestrales/2026/2T/Anexos/A 5.4 EM MINA Abril 2026.xlsx,Dir Inválida,720,0,720,,,0,0,2.h:18; 3.b:1
antecedentes/Informes y reportes de cumplimiento ambiental asociados a calidad del aire y emisiones/Informes Trimestrales/2026/2T/Anexos/A 5.4 EM MINA Abril 2026.xlsx,Sig Data Valida,720,700,20,69.3,17.879,0,4,
antecedentes/Informes y reportes de cumplimiento ambiental asociados a calidad del aire y emisiones/Informes Trimestrales/2026/2T/Anexos/A 5.4 EM MINA Abril 2026.xlsx,Sig Inválida,720,0,720,,,0,0,2.h:19; 3.b:1
antecedentes/Informes y reportes de cumplimiento ambiental asociados a calidad del aire y emisiones/Informes Trimestrales/2026/2T/Anexos/A 5.4 EM PUERTO Abril 2026.xlsx,Vel Data Valida,720,720,0,9.46,3.029,0,0,
antecedentes/Informes y reportes de cumplimiento ambiental asociados a calidad del aire y emisiones/Informes Trimestrales/2026/2T/Anexos/A 5.4 EM PUERTO Abril 2026.xlsx,Vel Inválida,720,0,720,,,0,0,
antecedentes/Informes y reportes de cumplimiento ambiental asociados a calidad del aire y emisiones/Informes Trimestrales/2026/2T/Anexos/A 5.4 EM PUERTO Abril 2026.xlsx,Dir Data Valida,720,720,0,351.0,195.412,534,642,
antecedentes/Informes y reportes de cumplimiento ambiental asociados a calidad del aire y emisiones/Informes Trimestrales/2026/2T/Anexos/A 5.4 EM PUERTO Abril 2026.xlsx,Dir Inválida,720,0,720,,,0,0,
antecedentes/Informes y reportes de cumplimiento ambiental asociados a calidad del aire y emisiones/Informes Trimestrales/2026/2T/Anexos/A 5.4 EM PUERTO Abril 2026.xlsx,Sig Data Valida,720,720,0,31.13,9.566,0,0,
antecedentes/Informes y reportes de cumplimiento ambiental asociados a calidad del aire y emisiones/Informes Trimestrales/2026/2T/Anexos/A 5.4 EM PUERTO Abril 2026.xlsx,Sig Inválida,720,0,720,,,0,0,
antecedentes/Informes y reportes de cumplimiento ambiental asociados a calidad del aire y emisiones/Informes Trimestrales/2026/2T/Anexos/A 5.5 E MP-10 CALDERA Mayo 2026.xlsx,MP-10 Valida,744,10,734,39.0,22.2,0,0,
antecedentes/Informes y reportes de cumplimiento ambiental asociados a calidad del aire y emisiones/Informes Trimestrales/2026/2T/Anexos/A 5.5 E MP-10 CALDERA Mayo 2026.xlsx,MP-10 Inválida,744,0,744,,,0,0,
antecedentes/Informes y reportes de cumplimiento ambiental asociados a calidad del aire y emisiones/Informes Trimestrales/2026/2T/Anexos/A 5.5 EM MINA Mayo 2026.xlsx,Vel Data Valida,744,744,0,5.36,1.142,0,0,
antecedentes/Informes y reportes de cumplimiento ambiental asociados a calidad del aire y emisiones/Informes Trimestrales/2026/2T/Anexos/A 5.5 EM MINA Mayo 2026.xlsx,Vel Inválida,744,0,744,,,0,0,
antecedentes/Informes y reportes de cumplimiento ambiental asociados a calidad del aire y emisiones/Informes Trimestrales/2026/2T/Anexos/A 5.5 EM MINA Mayo 2026.xlsx,Dir Data Valida,744,703,41,282.0,101.73,195,582,
antecedentes/Informes y reportes de cumplimiento ambiental asociados a calidad del aire y emisiones/Informes Trimestrales/2026/2T/Anexos/A 5.5 EM MINA Mayo 2026.xlsx,Dir Inválida,744,0,744,,,0,0,2.h:41
antecedentes/Informes y reportes de cumplimiento ambiental asociados a calidad del aire y emisiones/Informes Trimestrales/2026/2T/Anexos/A 5.5 EM MINA Mayo 2026.xlsx,Sig Data Valida,744,703,41,51.85,12.843,0,1,
antecedentes/Informes y reportes de cumplimiento ambiental asociados a calidad del aire y emisiones/Informes Trimestrales/2026/2T/Anexos/A 5.5 EM MINA Mayo 2026.xlsx,Sig Inválida,744,0,744,,,0,0,2.h:41
antecedentes/Informes y reportes de cumplimiento ambiental asociados a calidad del aire y emisiones/Informes Trimestrales/2026/2T/Anexos/A 5.5 EM PUERTO Mayo 2026.xlsx,Vel Data Valida,744,744,0,8.79,3.141,0,0,
antecedentes/Informes y reportes de cumplimiento ambiental asociados a calidad del aire y emisiones/Informes Trimestrales/2026/2T/Anexos/A 5.5 EM PUERTO Mayo 2026.xlsx,Vel Inválida,744,0,744,,,0,0,
antecedentes/Informes y reportes de cumplimiento ambiental asociados a calidad del aire y emisiones/Informes Trimestrales/2026/2T/Anexos/A 5.5 EM PUERTO Mayo 2026.xlsx,Dir Data Valida,744,744,0,348.0,192.008,588,677,
antecedentes/Informes y reportes de cumplimiento ambiental asociados a calidad del aire y emisiones/Informes Trimestrales/2026/2T/Anexos/A 5.5 EM PUERTO Mayo 2026.xlsx,Dir Inválida,744,0,744,,,0,0,
antecedentes/Informes y reportes de cumplimiento ambiental asociados a calidad del aire y emisiones/Informes Trimestrales/2026/2T/Anexos/A 5.5 EM PUERTO Mayo 2026.xlsx,Sig Data Valida,744,744,0,31.02,9.862,0,0,
antecedentes/Informes y reportes de cumplimiento ambiental asociados a calidad del aire y emisiones/Informes Trimestrales/2026/2T/Anexos/A 5.5 EM PUERTO Mayo 2026.xlsx,Sig Inválida,744,0,744,,,0,0,
antecedentes/Informes y reportes de cumplimiento ambiental asociados a calidad del aire y emisiones/Informes Trimestrales/2026/2T/Anexos/A 5.5 Formato_SEREMI SALUD_ Nantoco Mayo 2026.xlsx,MP-10 Data Valida,744,744,0,705.12,103.316,163,684,
antecedentes/Informes y reportes de cumplimiento ambiental asociados a calidad del aire y emisiones/Informes Trimestrales/2026/2T/Anexos/A 5.5 Formato_SEREMI SALUD_ Nantoco Mayo 2026.xlsx,MP-10 Inválida,744,0,744,,,0,0,
antecedentes/Informes y reportes de cumplimiento ambiental asociados a calidad del aire y emisiones/Informes Trimestrales/2026/2T/Anexos/A 5.5 Formato_SEREMI SALUD_ Nantoco Mayo 2026.xlsx,MP-2.5 Data Valida,744,744,0,68.2,19.142,0,1,
antecedentes/Informes y reportes de cumplimiento ambiental asociados a calidad del aire y emisiones/Informes Trimestrales/2026/2T/Anexos/A 5.5 Formato_SEREMI SALUD_ Nantoco Mayo 2026.xlsx,MP-2.5 Inválida,744,0,744,,,0,0,
antecedentes/Informes y reportes de cumplimiento ambiental asociados a calidad del aire y emisiones/Informes Trimestrales/2026/2T/Anexos/A 5.6 E MP-10 CALDERA Junio 2026.xlsx,MP-10 Valida,720,10,710,37.0,24.5,0,0,
antecedentes/Informes y reportes de cumplimiento ambiental asociados a calidad del aire y emisiones/Informes Trimestrales/2026/2T/Anexos/A 5.6 E MP-10 CALDERA Junio 2026.xlsx,MP-10 Inválida,720,0,720,,,0,0,
antecedentes/Informes y reportes de cumplimiento ambiental asociados a calidad del aire y emisiones/Informes Trimestrales/2026/2T/Anexos/A 5.6 EM MINA Junio 2026.xlsx,Vel Data Valida,720,720,0,5.43,1.274,0,0,
antecedentes/Informes y reportes de cumplimiento ambiental asociados a calidad del aire y emisiones/Informes Trimestrales/2026/2T/Anexos/A 5.6 EM MINA Junio 2026.xlsx,Vel Inválida,720,0,720,,,0,0,
antecedentes/Informes y reportes de cumplimiento ambiental asociados a calidad del aire y emisiones/Informes Trimestrales/2026/2T/Anexos/A 5.6 EM MINA Junio 2026.xlsx,Dir Data Valida,720,703,17,303.0,116.117,277,588,
antecedentes/Informes y reportes de cumplimiento ambiental asociados a calidad del aire y emisiones/Informes Trimestrales/2026/2T/Anexos/A 5.6 EM MINA Junio 2026.xlsx,Dir Inválida,720,0,720,,,0,0,2.h:17
antecedentes/Informes y reportes de cumplimiento ambiental asociados a calidad del aire y emisiones/Informes Trimestrales/2026/2T/Anexos/A 5.6 EM MINA Junio 2026.xlsx,Sig Data Valida,720,702,18,55.15,13.848,0,1,
antecedentes/Informes y reportes de cumplimiento ambiental asociados a calidad del aire y emisiones/Informes Trimestrales/2026/2T/Anexos/A 5.6 EM MINA Junio 2026.xlsx,Sig Inválida,720,0,720,,,0,0,2.h:18
antecedentes/Informes y reportes de cumplimiento ambiental asociados a calidad del aire y emisiones/Informes Trimestrales/2026/2T/Anexos/A 5.6 EM PUERTO Junio 2026.xlsx,Vel Data Valida,720,720,0,9.54,3.119,0,0,
antecedentes/Informes y reportes de cumplimiento ambiental asociados a calidad del aire y emisiones/Informes Trimestrales/2026/2T/Anexos/A 5.6 EM PUERTO Junio 2026.xlsx,Vel Inválida,720,0,720,,,0,0,
antecedentes/Informes y reportes de cumplimiento ambiental asociados a calidad del aire y emisiones/Informes Trimestrales/2026/2T/Anexos/A 5.6 EM PUERTO Junio 2026.xlsx,Dir Data Valida,720,720,0,339.0,179.417,527,651,
antecedentes/Informes y reportes de cumplimiento ambiental asociados a calidad del aire y emisiones/Informes Trimestrales/2026/2T/Anexos/A 5.6 EM PUERTO Junio 2026.xlsx,Dir Inválida,720,0,720,,,0,0,
antecedentes/Informes y reportes de cumplimiento ambiental asociados a calidad del aire y emisiones/Informes Trimestrales/2026/2T/Anexos/A 5.6 EM PUERTO Junio 2026.xlsx,Sig Data Valida,720,720,0,39.48,10.322,0,0,
antecedentes/Informes y reportes de cumplimiento ambiental asociados a calidad del aire y emisiones/Informes Trimestrales/2026/2T/Anexos/A 5.6 EM PUERTO Junio 2026.xlsx,Sig Inválida,720,0,720,,,0,0,
